,ticker,name,sector,industry,price,market_cap_bn,fcf_yield_pct,forward_pe,trailing_pe,ps_ratio,roe_pct,roce_pct,gross_margin_pct,op_margin_pct,rev_growth_pct,debt_equity,above_200d,tier1_passes,multibagger_score,alpha_score,orig_score,composite_score
1,FLYW,Flywire Corporation - Voting,Technology,Software - Infrastructure,13.61,1.662147584,7.069152771454499,11.363731,123.72727,2.6678665,1.636,1.0880001,61.419999999999995,-1.043,34.0,0.004565709731102979,True,4,65.6,87.7,86.5,78.5
2,CRDO,Credo Technology Group Holding ,Technology,Semiconductors,160.69,29.63926016,0.5811248967423619,34.12721,88.29121,27.748531,27.544,14.680000000000001,67.825997,36.760999999999996,201.5,0.00879296192409951,True,2,52.8,100.0,85.6,76.8
3,NRDS,"NerdWallet, Inc.",Communication Services,Internet Content & Information,10.95,0.731304512,12.043546642304868,5.307521,17.109375,0.8741388,13.184999999999999,9.069,92.386,8.607,22.6,0.08315102410284164,False,4,63.6,65.6,94.3,73.4
4,SOFI,"SoFi Technologies, Inc.",Financial Services,Credit Services,19.43,24.778377216,0.0,24.629543,49.820515,6.915472,5.6579999999999995,1.1080001000000002,83.002996,18.176001,40.2,0.1841817484133933,False,2,37.8,100.0,89.1,71.8
5,PAC,Grupo Aeroportuario Del Pacific,Industrials,Airports & Air Services,251.2,12.692569088,75.83744268999484,19.352852,22.87796,0.39022952,40.441,12.942,77.057,51.805,187.0,6111.097088425134,True,2,52.8,62.6,100.0,69.9
6,PLTR,Palantir Technologies Inc.,Technology,Software - Infrastructure,146.39,350.11739648,0.3601416018389787,78.5995,232.36508,78.23073,25.983,11.597,82.366997,40.901002,70.0,0.03239990929319716,False,2,47.8,86.9,80.4,69.3
7,MGNI,"Magnite, Inc.",Communication Services,Advertising Agencies,13.71,1.979235456,6.04252877733411,11.320194,14.43158,2.7722208,17.108,2.0299999,62.656,25.384,5.8999999999999995,0.6724649479910635,False,2,47.8,76.2,81.9,66.6
8,DINO,HF Sinclair Corporation,Energy,Oil & Gas Refining & Marketing,57.15,10.30262784,10.014435462710065,10.539808,18.555195,0.38343918,6.303,3.4649998,8.564,-0.014999999,-0.6,0.36519695044104356,True,2,37.8,100.0,69.4,65.9
9,AFRM,"Affirm Holdings, Inc.",Financial Services,Credit Services,64.5,21.485637632,2.1291188087370605,17.178196,79.62963,5.782069,8.917,1.232,47.776999999999994,10.474,29.599999999999998,2.9409571822359606,False,1,21.4,100.0,87.4,64.8
10,EXAS,Exact Sciences Corporation,Healthcare,Diagnostics & Research,104.91,20.026083328,1.4075069367453297,55.215794,,6.167584,-8.659001,-1.592,69.69,-9.279,23.1,1.055238209610771,True,1,31.4,100.0,66.8,62.6
11,RKLB,Rocket Lab Corporation,Industrials,Aerospace & Defense,84.8,49.018159104,-0.5522960897523957,1654.6343,,81.45271,-18.837999,-8.152000600000001,34.427,-28.412,35.699999999999996,0.14475839894494397,True,2,37.8,100.0,55.8,61.9
12,RAMP,"LiveRamp Holdings, Inc.",Technology,Software - Infrastructure,28.78,1.83181376,7.845489270699659,10.542125,27.673079,2.3025117,7.164,3.2489999999999997,70.399004,19.211,8.6,0.032460545374724745,True,3,59.2,39.7,86.1,61.4
13,KTOS,Kratos Defense & Security Solut,Industrials,Aerospace & Defense,70.99,13.298813952,-0.9541264691571797,65.99423,546.0769,9.874379,1.314,0.784,22.862,2.927,21.9,0.06583965745127539,False,2,22.8,100.0,71.5,60.6
14,SEMR,"SEMrush Holdings, Inc.",Technology,Software - Application,11.98,1.814442368,4.105641342695984,22.92823,,4.0898614,-6.9959999999999996,-3.374,80.54599999999999,-11.816,14.6,0.05054337056941098,True,1,29.4,89.5,72.8,60.5
15,ELF,"e.l.f. Beauty, Inc.",Consumer Defensive,Household & Personal Products,66.82,3.984928768,2.120144497398454,18.369406,37.75141,14.848914,-0.291,4.101,60.951,13.797999999999998,37.8,3.522795827133252,False,1,19.4,82.3,89.0,59.1
16,DDOG,"Datadog, Inc.",Technology,Software - Application,126.61,44.801118208,1.9634481351916884,48.021637,422.03333,13.072382,3.343,-0.43,79.976,1.00300005,29.2,0.3677781878195674,False,2,32.8,73.2,77.5,58.3
17,STNE,StoneCo Ltd.,Technology,Software - Infrastructure,15.1,3.758460672,-92.63767355445671,5.8777575,7.5879397,0.2804883,20.794999999999998,6.9559999999999995,74.88400299999999,46.288000000000004,11.200000000000001,8.601731237019761,False,1,39.4,59.1,81.2,57.8
18,BXMT,"Blackstone Mortgage Trust, Inc.",Real Estate,REIT - Mortgage,20.22,3.411895296,0.0,10.405409,31.59375,7.755224,3.0050002,0.551,100.0,23.333000000000002,49.4,4.670405088750066,True,2,45.8,39.5,90.0,57.2
19,BRSP,"BrightSpire Capital, Inc.",Real Estate,REIT - Mortgage,5.98,0.779062848,-19.449795146693994,7.9733334,,2.3566046,-3.927,2.6719999000000003,72.801,33.735,-0.4,2.619589780668743,True,1,36.4,70.6,69.6,56.6
20,SKIN,The Beauty Health Company,Consumer Defensive,Household & Personal Products,0.9127,0.116618464,32.55520155024508,8.297273,,0.38770723,-16.869,-2.194,65.282995,0.19699998999999999,-1.4000000000000001,6.1884907514111385,False,2,35.8,68.2,68.7,55.4
21,LPRO,Open Lending Corporation,Financial Services,Credit Services,1.71,0.202103952,-2.513805370812343,9.5,,2.1681018,-5.5359997000000005,1.406,76.877,3.9130002,0.0,1.17456422789407,False,0,15.0,100.0,62.0,54.6
22,MTDR,Matador Resources Company,Energy,Oil & Gas E&P,55.6,6.909449216,-2.4661480629370036,6.7625422,9.129721,1.8896275,15.03,6.796,79.728997,24.063998,-12.5,0.627239991286764,True,1,33.4,74.7,57.5,53.0
23,BATL,Battalion Oil Corporation,Energy,Oil & Gas E&P,3.06,0.057349184,-58.73078159228909,13.304347,,0.34538752,6.334,5.5649999999999995,42.786,29.758000000000003,-35.0,3.562962500041849,True,0,23.0,100.0,35.0,49.7
24,QLYS,"Qualys, Inc.",Technology,Software - Infrastructure,83.17,2.982335488,8.68889503017576,10.420425,15.288603,4.457068,38.202000000000005,13.411999999999999,82.848,33.566,10.100000000000001,0.09329804390097683,False,3,57.2,0.0,88.8,49.5
25,SMMT,Summit Therapeutics Inc.,Healthcare,Biotechnology,25.15,19.500621824,0.43115548190633946,-21.324762,,,-206.105,-115.276,0.0,0.0,0.0,0.031696332084216135,True,1,26.4,74.0,55.4,49.4
26,EVTC,"Evertec, Inc.",Technology,Software - Infrastructure,30.68,1.89475712,5.908263746226218,7.217516,13.945455,2.0333984,23.444000000000003,5.683,49.655,17.593001,13.100000000000001,1.8310044309577787,False,2,47.8,11.3,87.8,48.9
27,RDWR,Radware Ltd.,Technology,Software - Infrastructure,25.76,1.118869248,4.0687728330522495,19.7546,57.244446,3.7067063,5.4180003999999995,1.082,80.673,4.131,9.9,0.0498354284873437,True,1,29.4,45.0,76.0,48.1
28,KNSL,"Kinsale Capital Group, Inc.",Financial Services,Insurance - Property & Casualty,360.78,8.353163264,11.507350516452206,16.304127,16.664204,4.457429,29.253,7.376,28.128999999999998,36.792,17.299999999999997,0.11494860404827419,False,3,44.2,0.0,97.3,46.9
29,STWD,"STARWOOD PROPERTY TRUST, INC. S",Real Estate,REIT - Mortgage,18.14,6.89827328,0.0,9.338337,15.773912,12.589651,6.0349997,0.70499997,88.90400000000001,11.152001,62.6,3.272843075230197,False,2,32.8,25.9,85.6,46.6
30,CLNE,Clean Energy Fuels Corp.,Energy,Oil & Gas Refining & Marketing,2.25,0.493719616,0.6075563746691401,56.25,,1.1621499,-34.662,-2.2349997999999998,27.048,-10.682,2.7,0.5817192022254719,False,0,5.0,100.0,48.0,46.4
31,SPIR,"Spire Global, Inc.",Industrials,Specialty Business Services,19.54,0.752369344,2.403639933527116,-33.982613,13.114095,10.5148535,101.352,-26.155,40.897,-114.09800000000001,-26.900000000000002,0.10200449557331577,True,1,39.4,100.0,0.0,45.8
32,IRTC,"iRhythm Holdings, Inc.",Healthcare,Medical Devices,125.32,4.049936384,1.7695957961990545,149.84337,,5.4206004,-36.569,-2.358,70.569,4.197,27.1,4.784422812573654,False,1,19.4,52.1,73.9,45.6
33,NOW,"ServiceNow, Inc.",Technology,Software - Application,96.66,101.10636032,4.897441862537813,19.27414,57.88024,7.6145773,15.488,5.3850003,77.533996,16.508,20.7,0.1873452901532088,False,2,42.8,0.0,93.2,45.1
34,CRWD,"CrowdStrike Holdings, Inc.",Technology,Software - Infrastructure,423.95,107.519696896,1.4923917071232886,68.65632,,22.344053,-4.137,-1.5700001000000001,74.808997,1.00300005,23.3,0.18500757669610807,False,2,32.8,33.4,72.0,44.7
35,VITL,"Vital Farms, Inc.",Consumer Defensive,Farm Products,12.29,0.550556672,-4.221386313523778,9.209856,8.534722,0.72494704,21.361999,12.581000000000001,37.617,10.026,28.7,0.15228569879215526,False,3,47.2,0.0,85.0,44.4
36,GTLB,GitLab Inc.,Technology,Software - Infrastructure,21.42,3.644227328,7.7676717318113475,21.780909,,3.8150501,-6.305,-2.7199999999999998,87.376,-1.005,23.200000000000003,0.0,False,3,42.2,0.0,87.3,43.1
37,UPST,"Upstart Holdings, Inc.",Financial Services,Credit Services,34.57,3.308600064,-8.325262246020436,10.886166,76.82222,3.0762765,7.486,1.7389999999999999,82.485,8.876000000000001,34.4,2.4323937165245257,False,1,24.4,25.6,84.4,42.8
38,CELH,"Celsius Holdings, Inc.",Consumer Defensive,Beverages - Non-Alcoholic,35.25,9.058404352,0.8679867771926107,17.289158,141.0,3.6013658,5.185,9.806,51.248000000000005,14.220000999999998,117.19999999999999,0.5883728990819499,False,1,21.4,26.1,88.0,42.8
39,PANW,"Palo Alto Networks, Inc.",Technology,Software - Infrastructure,167.85,136.965603328,2.08754973404004,42.297604,93.25001,13.843999,16.259001,3.4479998,73.502,15.496999,14.899999999999999,0.04235969918522641,False,1,31.4,18.0,79.7,41.9
40,JOBY,"Joby Aviation, Inc.",Industrials,Airports & Air Services,9.22,9.029462016,-3.630973533296272,-19.827957,,169.01192,-80.087,-29.997998,45.104,-689.37597,55965.5,0.029335639876931986,False,2,27.8,100.0,0.0,41.1
41,WEAV,"Weave Communications, Inc.",Healthcare,Health Information Services,5.33,0.419197088,10.810010206941133,25.686747,,1.7537866,-37.565,-9.106,72.088,-3.184,17.0,0.6309242134639169,False,2,37.8,0.0,85.4,40.7
42,TENB,"Tenable Holdings, Inc.",Technology,Software - Infrastructure,19.35,2.309311488,11.822668419514656,9.309777,,2.3106863,-9.945,0.598,78.093004,5.108,10.5,1.3180401849542827,False,2,37.8,0.0,83.1,40.0
43,ACRE,Ares Commercial Real Estate Cor,Real Estate,REIT - Mortgage,5.3,0.293448672,0.0,8.50272,,4.037655,-0.17200001,-0.054000004,100.0,-195.769,-81.69999999999999,2.0401386809560393,True,1,29.4,92.9,0.0,39.6
44,DOCS,"Doximity, Inc.",Healthcare,Health Information Services,24.71,4.652182528,4.592067802890815,15.241702,20.764704,7.2943487,23.815,12.841,89.748,38.894,9.8,0.015093203286838584,False,1,34.4,0.0,84.4,39.1
45,KYMR,"Kymera Therapeutics, Inc.",Healthcare,Biotechnology,87.71,7.160854016,-1.8997908307589215,-21.884007,,182.6236,-25.782,-15.875,0.0,-3411.01,-61.199999999999996,0.051867111949906106,True,1,21.4,100.0,0.0,38.6
46,LOAR,Loar Holdings Inc.,Industrials,Aerospace & Defense,67.48,6.317779456,1.340987360987107,63.968147,89.973335,12.730195,6.375,4.419,53.418,24.576001,19.3,0.6173757891821436,False,1,26.4,0.0,80.6,34.8
47,PAYO,Payoneer Global Inc.,Technology,Software - Infrastructure,5.27,1.878440448,-0.7653889169234925,15.564548,27.736843,1.784277,10.2419995,0.9980001000000001,84.304,12.525,4.9,0.10386085705374969,False,1,26.4,7.8,71.2,34.3
48,ASAN,"Asana, Inc.",Technology,Software - Application,5.84,1.390434304,12.158251239463091,12.742189,,1.7582495,-99.059,-11.744000999999999,89.029,-0.9339999999999999,9.2,2.3730553032428183,False,1,26.4,0.0,78.7,34.2
49,ALKT,"Alkami Technology, Inc.",Technology,Software - Application,17.83,1.90811264,4.469468636820099,16.158413,,4.301048,-13.254,-4.721,57.84,-7.5920000000000005,34.699999999999996,1.0093198741900553,False,1,24.4,0.0,80.7,34.0
50,BILL,"BILL Holdings, Inc.",Technology,Software - Application,38.81,3.88708096,3.152709636384831,14.41101,,2.5045962,-0.636,-0.509,83.55900000000001,-4.2600001999999995,14.399999999999999,0.5007519651767744,False,0,10.0,24.3,75.4,33.9
51,SNOW,Snowflake Inc.,Technology,Software - Application,143.98,49.773883392,3.1893946379420974,59.294704,,10.626486,-53.908,-9.873999999999999,67.169,-33.236998,30.099999999999998,1.417188583446882,False,1,21.4,27.6,56.6,33.8
52,IONS,"Ionis Pharmaceuticals, Inc.",Healthcare,Biotechnology,75.71,12.506687488,-1.237134102442842,-121.69873,,13.252667,-70.795,-7.309,1.291,-105.47299000000001,-10.299999999999999,5.287245482206929,True,0,5.0,100.0,0.0,32.0
53,CPNG,"Coupang, Inc.",Consumer Cyclical,Internet Retail,21.55,39.397527552,2.1409973782915217,39.197495,195.90909,1.140833,4.863999799999999,1.879,29.365000000000002,0.091,10.9,1.0941653633797916,False,0,7.0,23.0,68.1,30.1
54,VRNS,"Varonis Systems, Inc.",Technology,Software - Infrastructure,24.22,2.855472896,7.55555692026432,58.38536,,4.5795126,-24.531999,-5.2989996999999995,78.834,-17.073,9.4,0.8722514068700512,False,1,24.4,0.0,58.4,27.3
55,ACHR,Archer Aviation Inc.,Industrials,Aerospace & Defense,6.11,4.581670912,-8.216161990466416,-5.860237,,15272.236,-41.834998,-26.294002,0.0,-78133.34,0.0,0.05490130105471615,False,1,14.4,30.3,0.0,14.8
56,RXRX,"Recursion Pharmaceuticals, Inc.",Healthcare,Biotechnology,3.78,1.996604672,-10.443817292640292,-4.4354744,,26.73511,-59.544,-27.718999999999998,0.0,-328.80301,681.7,0.06976756446740837,False,2,30.8,4.5,0.0,13.7
57,ZI,ZI,Default,,,0.0,0.0,,,,0.0,0.0,0.0,0.0,0.0,,,1,11.4,,50.0,
58,ESMT,ESMT,Default,,,0.0,0.0,,,,0.0,0.0,0.0,0.0,0.0,,,1,11.4,,50.0,
59,SQSP,SQSP,Default,,,0.0,0.0,,,,0.0,0.0,0.0,0.0,0.0,,,1,11.4,,50.0,
60,CURO,CURO,Default,,,0.0,0.0,,,,0.0,0.0,0.0,0.0,0.0,,,1,11.4,,50.0,
61,BYON,BYON,Default,,,0.0,0.0,,,,0.0,0.0,0.0,0.0,0.0,,,1,11.4,,50.0,
62,WEBR,WEBR,Default,,,0.0,0.0,,,,0.0,0.0,0.0,0.0,0.0,,,1,11.4,,50.0,
63,CDEV,CDEV,Default,,,0.0,0.0,,,,0.0,0.0,0.0,0.0,0.0,,,1,11.4,,50.0,
